Unnamed: 0,FoodCodeCommon,FC_Description,Image,Link,Portion,PortionCode,PortionSubCode,Multiplier,PortionShot,LabelAmount,LabelUnit,GPTFoodCode,GPTFoodDescription,GPTPortionDescription,GPTPortionReason,GPTPortionAmount,GPTPortionAmountReason,TotalWeight,Energy (kcal),Protein (g),Carbohydrate (g),"Sugars, total
(g)","Fiber, total dietary (g)",Total Fat (g),"Fatty acids, total saturated (g)","Fatty acids, total monounsaturated (g)","Fatty acids, total polyunsaturated (g)",Cholesterol (mg),Retinol (mcg),"Vitamin A, RAE (mcg_RAE)","Carotene, alpha (mcg)","Carotene, beta (mcg)","Cryptoxanthin, beta (mcg)",Lycopene (mcg),Lutein + zeaxanthin (mcg),Thiamin (mg),Riboflavin (mg),Niacin (mg),Vitamin B-6 (mg),Folic acid (mcg),"Folate, food (mcg)","Folate, DFE (mcg_DFE)","Folate, total (mcg)","Choline, total (mg)",Vitamin B-12 (mcg),"Vitamin B-12, added
(mcg)",Vitamin C (mg),Vitamin D (D2 + D3) (mcg),Vitamin E (alpha-tocopherol) (mg),"Vitamin E, added
(mg)",Vitamin K (phylloquinone) (mcg),Calcium (mg),Phosphorus (mg),Magnesium (mg),"Iron
(mg)","Zinc
(mg)",Copper (mg),Selenium (mcg),Potassium (mg),Sodium (mg),Caffeine (mg),Theobromine (mg),Alcohol (g),"4:0
(g)","6:0
(g)","8:0
(g)","10:0
(g)","12:0
(g)","14:0
(g)","16:0
(g)","18:0
(g)","16:1
(g)","18:1
(g)","20:1
(g)","22:1
(g)","18:2
(g)","18:3
(g)","18:4
(g)","20:4
(g)","20:5 n-3
(g)","22:5 n-3
(g)","22:6 n-3
(g)","Water
(g)"
0,11000000,"Milk, human",042108425.png,/home/lian/data/ASA24/Asa24PortionImages/042108425.png,2 teaspoons,10205,0,0.417,"2 teaspoons ,6 tablespoons ,5 tablespoons ,4 tablespoons ,3 tablespoons ,2 tablespoons ,1 tablespoon ,1 teaspoon",2.0,teaspoons,,,I can't help to analyze this image.,The image does not clearly show the portion size.,I can't help to analyze this image.,The image does not clearly show the portion size.,246.0,172.20000000000002,2.5338,16.949399999999997,16.949399999999997,0.0,10.7748,4.94214,4.07868,1.22262,34.44,147.6,150.06,0.0,17.22,0.0,0.0,0.0,0.03444,0.08856,0.43542,0.02706,0.0,12.3,12.3,12.3,39.36,0.12300000000000001,0.0,12.3,0.24600000000000002,0.1968,0.0,0.738,78.72,34.44,7.38,0.0738,0.4182,0.12792,4.428,125.46000000000001,41.82,0.0,0.0,0.0,0.0,0.0,0.0,0.15498,0.62976,0.7896600000000001,2.26074,0.7207799999999999,0.31734,3.6285000000000003,0.0984,0.0,0.9200400000000001,0.12792,0.0,0.06396,0.0,0.0,0.0,215.25
1,12210260,"Cream substitute, fat free, liquid",041008415.png,/home/lian/data/ASA24/Asa24PortionImages/041008415.png,1 cup,10205,0,1.0,"1 cup ,1 individual container ,7/8 cup ,3/4 cup ,5/8 cup ,1/2 cup ,3/8 cup ,6 tablespoons ,5 tablespoons ,1/4 cup ,4 tablespoons ,3 tablespoons ,1/8 cup ,2 tablespoons ,1 tablespoon ,2 teaspoons ,1 teaspoon",1.0,cup,,,1/2 cup,,0.5,,240.0,170.4,1.92,21.84,21.84,0.0,8.4,2.1504,4.871999999999999,1.008,0.0,0.0,0.0,0.0,7.2,0.0,0.0,0.0,0.0,0.0,0.0,0.0,0.0,0.0,0.0,0.0,0.0,0.0,0.0,0.0,0.0,0.672,0.0,2.16,2.4,180.0,0.0,1.344,0.12,0.0,2.16,424.8,144.0,0.0,0.0,0.0,0.0,0.0,0.0,0.0,0.0,0.043199999999999995,1.092,1.0175999999999998,0.0,4.871999999999999,0.0,0.0,0.9576000000000001,0.0504,0.0,0.0,0.0,0.0,0.0,206.88
2,14120010,"Cheese, Mexican blend",081108426.png,/home/lian/data/ASA24/Asa24PortionImages/081108426.png,1 cup,10159,0,1.0,"1 cup ,7/8 cup ,3/4 cup ,5/8 cup ,1/2 cup ,3/8 cup ,1/4 cup ,1/8 cup",1.0,cup,,,1/2 cup,,0.5,,113.0,404.54,26.6002,1.9775,1.3899000000000001,0.0,32.216300000000004,19.24051,8.89423,0.9763200000000001,107.35000000000001,192.1,196.62,0.0,63.28,0.0,0.0,0.0,0.02599,0.35934,0.12882,0.06893,0.0,14.69,14.69,14.69,17.741,1.3899000000000001,0.0,0.0,0.5650000000000001,0.28250000000000003,0.0,2.825,744.67,494.94,28.25,0.6667000000000001,3.4013,0.02825,16.95,96.05,685.91,0.0,0.0,0.0,1.04186,0.47120999999999996,0.30623,0.64184,0.59551,3.41938,8.95525,3.81036,0.96841,7.92695,0.0,0.0,0.60116,0.37516000000000005,0.0,0.0,0.0,0.0,0.0,48.0024
3,24201520,"Turkey, light or dark meat, smoked, cooked, skin n",112211109.png,/home/lian/data/ASA24/Asa24PortionImages/112211109.png,16 ounces,40024,0,16.0,"16 ounces ,14 ounces ,12 ounces ,10 ounces ,8 ounces ,6 ounces ,4 ounces ,2 cups ,2 ounces ,1-3/4 cups ,1-1/2 cups ,1-1/4 cups ,1 cup ,3/4 cup ,1/2 cup ,1/4 cup",16.0,ounces,,,8 ounces,,8,,28.35,45.927,8.306550000000001,0.0,0.0,0.0,1.4175,0.387828,0.29654100000000005,0.399168,21.546,0.0,0.0,0.0,0.0,0.0,0.0,0.0,0.01701,0.05103,1.5422400000000003,0.13041,0.0,1.9845000000000002,1.9845000000000002,1.9845000000000002,23.33205,0.104895,0.0,0.0,0.028350000000000004,0.09355500000000001,0.0,0.0,7.0875,60.3855,7.371,0.50463,0.87885,0.026649000000000003,12.1905,84.48300000000002,282.36600000000004,0.0,0.0,0.0,0.0,0.0,0.0,0.0,0.0056700000000000006,0.008505,0.2338875,0.13976550000000001,0.0428085,0.24239250000000004,0.0056700000000000006,0.0056700000000000006,0.3081645,0.011340000000000001,0.0,0.0598185,0.0,0.008505,0.011340000000000001,18.399150000000002
4,27141030,"Spaghetti sauce with poultry, home-made style",062408420.png,/home/lian/data/ASA24/Asa24PortionImages/062408420.png,1 cup,10205,0,1.0,"1 cup ,7/8 cup ,3/4 cup ,5/8 cup ,1/2 cup ,3/8 cup ,1/4 cup ,1/8 cup",1.0,cup,,,1/2 cup,,0.5,,260.0,195.0,16.354000000000003,17.004,11.622,3.9,6.812,1.287,2.0592,2.028,49.4,7.8,75.4,0.0,824.2,0.0,26829.4,400.40000000000003,0.09100000000000001,0.2236,12.578800000000001,0.5616,0.0,31.2,31.2,31.2,62.660000000000004,0.52,0.0,4.16,0.0,5.2,0.0,29.38,67.6,195.0,52.0,2.132,1.56,0.22100000000000003,15.34,816.4,1066.0,0.0,0.0,0.0,0.005200000000000001,0.0,0.005200000000000001,0.0078000000000000005,0.005200000000000001,0.031200000000000002,0.8814000000000001,0.3068,0.1534,1.8901999999999999,0.0286,0.0,1.7680000000000002,0.2184,0.0,0.041600000000000005,0.0,0.0026000000000000003,0.0026000000000000003,215.93
5,28310170,"Beef broth, without tomato, home recipe",081302204.png,/home/lian/data/ASA24/Asa24PortionImages/081302204.png,2 cups,10205,0,2.0,"2 cups ,1-1/2 cups ,1 cup ,1/2 cup",2.0,cups,,,1 cup,,1,,240.0,31.2,4.728000000000001,2.88,1.2960000000000003,0.0,0.21599999999999997,0.084,0.10319999999999999,0.012,0.0,0.0,0.0,0.0,0.0,0.0,0.0,2.4,0.0792,0.2184,2.0928,0.132,0.0,4.8,4.8,4.8,11.52,0.0,0.0,0.0,0.0,0.024,0.0,0.24,19.2,74.4,16.8,0.6480000000000001,0.40800000000000003,0.12,2.88,444.0,475.2,0.0,0.0,0.0,0.0,0.0,0.0,0.0,0.0,0.0024,0.048,0.0312,0.0072,0.0936,0.0024,0.0,0.0096,0.0,0.0,0.0,0.0,0.0,0.0,230.136
6,41420300,Soy sauce,052008416.png,/home/lian/data/ASA24/Asa24PortionImages/052008416.png,1 packet,60876,0,1.0,1 packet,1.0,packet,,,1 packet,,1,,9.0,4.7700000000000005,0.7326,0.4437,0.036000000000000004,0.07200000000000001,0.0513,0.0065699999999999995,0.00792,0.02367,0.0,0.0,0.0,0.0,0.0,0.0,0.0,0.0,0.0029700000000000004,0.014850000000000002,0.19764000000000004,0.013319999999999999,0.0,1.26,1.26,1.26,1.6470000000000002,0.0,0.0,0.0,0.0,0.0,0.0,0.0,2.97,14.94,6.66,0.1305,0.07830000000000001,0.0038699999999999997,0.045,39.15,494.37,0.0,0.0,0.0,0.0,0.0,0.0,0.0,0.0,0.0,0.005220000000000001,0.00063,0.0,0.0072,0.0,0.0,0.021060000000000002,0.0026100000000000003,0.0,0.0,0.0,0.0,0.0,6.4035
7,51160100,"Roll, sweet, cinnamon bun, no frosting",100507205.png,/home/lian/data/ASA24/Asa24PortionImages/100507205.png,1 slice,51000,0,11.625,"1 slice ,3/4 slice ,1/2 slice ,1/4 slice ,1 roll ,3/4 roll ,1/2 piece ,1/4 roll",1.0,slice,,,1 slice,,1,,6.5,24.18,0.403,3.3084999999999996,2.06245,0.156,1.066,0.200135,0.311805,0.48574500000000004,4.29,3.9650000000000003,4.03,0.065,0.325,0.13,0.0,4.55,0.02106,0.017225,0.15496,0.006955,3.12,1.56,6.890000000000001,4.68,2.6845,0.009100000000000002,0.0,0.13,0.0,0.12935000000000002,0.0,0.28600000000000003,4.68,4.94,1.105,0.10400000000000001,0.03835,0.005719999999999999,1.105,7.215,19.76,0.0,0.0,0.0,6.500000000000001e-05,0.0,0.0,6.500000000000001e-05,6.500000000000001e-05,0.0031850000000000003,0.154895,0.041144999999999994,0.004550000000000001,0.30706000000000006,0.000195,0.0,0.45636499999999997,0.028145,0.0,0.0009750000000000001,0.0,0.0,0.00026000000000000003,1.612
8,52306700,"Muffin, carrot",080802426.png,/home/lian/data/ASA24/Asa24PortionImages/080802426.png,1 mini muffin,61467,0,1.0,"1 mini muffin ,1 muffin ,3/4 muffin ,1/2 muffin ,1/4 muffin",1.0,mini muffin,,,1 mini muffin,,1,,25.0,78.0,1.2525,11.0675,5.8275,0.325,3.2975,0.55125,1.256,1.21075,10.75,8.0,51.75,182.0,434.0,0.25,0.0,27.0,0.0545,0.04675,0.44225,0.01675,6.0,3.25,13.5,9.25,8.725,0.04,0.0,0.25,0.125,0.5225,0.0,3.825,35.25,27.25,3.75,0.48,0.11750000000000001,0.01425,1.95,44.0,76.25,0.0,0.0,0.0,0.00275,0.00225,0.0015,0.0035000000000000005,0.004,0.01475,0.3815,0.1155,0.01775,1.2185,0.0195,0.0,1.0675,0.13375,0.0,0.00025,0.0,0.0,0.0,8.905
9,53381000,"Pie, lemon meringue",122311101.png,/home/lian/data/ASA24/Asa24PortionImages/122311101.png,1 piece,52000,0,12.57,"1 piece ,3/4 piece ,1/2 piece ,1/4 piece ,3 cups ,2-1/2 cups ,2 cups ,1-1/2 cups ,1 cup ,3/4 cup ,1/2 cup ,1/4 cup",1.0,piece,,,1 piece,,1,,18.9,55.565999999999995,0.8561700000000001,8.257409999999998,4.99527,0.2079,2.14326,0.689661,0.9699479999999998,0.28671299999999994,14.931,6.425999999999999,6.615,0.0,0.0,0.756,0.0,18.333,0.020978999999999998,0.025137,0.214515,0.005292,3.024,3.2129999999999996,8.315999999999999,6.236999999999999,10.6029,0.03024,0.0,0.11339999999999999,0.0945,0.07371,0.0,0.4914,3.2129999999999996,11.906999999999998,1.512,0.23625000000000002,0.07937999999999999,0.006803999999999999,1.5876,12.663,33.831,0.0,0.0,0.0,0.0,0.0,0.0,0.0,0.0,0.017766,0.416556,0.24192,0.033831,0.9247769999999998,0.009638999999999998,0.0,0.258363,0.008883,0.0,0.001323,0.0,0.0,0.0,7.51086
10,56205070,"Rice, sweet (rice, cooked, with honey)",091002165.png,/home/lian/data/ASA24/Asa24PortionImages/091002165.png,2 cups,10043,0,2.0,"2 cups ,1-1/2 cups ,1 cup ,3/4 cup ,1/2 cup ,1/4 cup",2.0,cups,,,1 cup,,1,,175.0,243.25,4.41,54.46,8.557500000000001,0.7000000000000001,0.455,0.126,0.14350000000000002,0.12424999999999999,0.0,0.0,0.0,0.0,0.0,0.0,0.0,0.0,0.26599999999999996,0.0245,2.4202500000000002,0.154,89.25,5.25,159.25,94.5,3.6750000000000003,0.0,0.0,0.0,0.0,0.07,0.0,0.0,17.5,70.0,19.25,1.9949999999999997,0.8225,0.1155,12.25,63.0,602.0,0.0,0.0,0.0,0.0,0.0,0.0,0.0,0.0,0.0035000000000000005,0.11200000000000002,0.00875,0.0017500000000000003,0.14175000000000001,0.0,0.0,0.1015,0.021,0.0,0.0,0.0,0.0,0.0,113.4175
11,58134613,"Tortellini, meat-filled, with tomato sauce, canned",050710125.png,/home/lian/data/ASA24/Asa24PortionImages/050710125.png,3 cups,10205,0,3.0,"3 cups ,2-1/2 cups ,2 cups ,1-1/2 cups ,1 cup ,3/4 cup ,1/2 cup ,1/4 cup",3.0,cups,,,1 cup,,1,,233.0,207.37,7.549200000000001,36.8606,5.4988,3.262,3.7979,0.9646199999999999,1.20927,0.86443,34.95,6.99,62.910000000000004,132.81,594.15,0.0,3404.13,202.71,0.36115,0.18407,3.2806399999999996,0.19805,79.22,23.3,156.11,102.52,40.309000000000005,0.1864,0.0,18.174,0.233,0.9786,0.0,11.184,32.62,132.81,39.61,2.1669,1.1883,0.20270999999999997,27.494,407.75,694.34,0.0,0.0,0.0,0.00233,0.00233,0.0,0.00466,0.00466,0.034949999999999995,0.6547300000000001,0.25164000000000003,0.08854,1.08345,0.0069900000000000006,0.0,0.8108399999999999,0.04194,0.0,0.00466,0.0,0.0,0.0,181.6934
12,62104100,"Apricot, dried, uncooked",072908118.png,/home/lian/data/ASA24/Asa24PortionImages/072908118.png,2 cups,10205,0,2.0,"2 cups ,1-3/4 cups ,1-1/2 cups ,1-1/4 cups ,1 cup ,3/4 cup ,1/2 cup ,1/4 cup",2.0,cups,,,1 cup,,1,,160.0,385.6,5.4239999999999995,100.224,85.504,11.68,0.816,0.027200000000000002,0.1184,0.1184,0.0,0.0,288.0,0.0,3460.8,0.0,0.0,0.0,0.024,0.1184,4.1424,0.2288,0.0,16.0,16.0,16.0,22.240000000000002,0.0,0.0,1.6,0.0,6.928,0.0,4.96,88.0,113.60000000000001,51.2,4.256,0.6240000000000001,0.5488000000000001,3.52,1859.2,16.0,0.0,0.0,0.0,0.0,0.0,0.0,0.0,0.0,0.0,0.027200000000000002,0.0,0.0,0.1184,0.0,0.0,0.1184,0.0,0.0,0.0,0.0,0.0,0.0,49.424
13,71507005,"White potato, stuffed, baked, peel not eaten, stuf",121103141.png,/home/lian/data/ASA24/Asa24PortionImages/121103141.png,1 potato,60919,0,1.0,"1 potato ,3/4 potato ,1/2 potato ,1/4 potato",1.0,potato,,,1 potato,,1,,445.0,556.25,8.455,90.73550000000002,7.298,6.23,18.645500000000002,10.21275,3.75135,0.7387,53.4,164.65,169.1,0.0,35.6,0.0,0.0,0.0,0.445,0.08900000000000001,5.874,1.2682499999999999,0.0,40.050000000000004,40.050000000000004,40.050000000000004,65.415,0.0,0.0,53.845,0.0,0.17800000000000002,0.0,2.67,26.7,213.6,106.8,1.4685,1.2460000000000002,0.9078,1.335,1650.95,881.1,0.0,0.0,0.0,0.4539,0.3204,0.1869,0.43165,0.49840000000000007,1.58865,4.76595,1.6598499999999998,0.22695,3.3286000000000002,0.0267,0.0,0.6319,0.11570000000000001,0.00445,0.022250000000000002,0.00445,0.0089,0.0,320.9785
14,74506000,"Tomato and cucumber salad made with tomato, cucumb",081302408.png,/home/lian/data/ASA24/Asa24PortionImages/081302408.png,2 cups,10205,0,2.0,"2 cups ,1-3/4 cups ,1-1/2 cups ,1-1/4 cups ,1 cup ,3/4 cup ,1/2 cup ,1/4 cup",2.0,cups,,,1 cup,,1,,159.0,192.39000000000001,0.8427000000000001,10.3827,8.0136,0.954,16.154400000000003,2.2180500000000003,6.461760000000001,6.4872000000000005,0.0,0.0,20.67,49.29,216.24,11.13,1128.9,65.19,0.03498,0.027030000000000002,0.32118,0.07154999999999999,0.0,12.72,12.72,12.72,6.519,0.0,0.0,8.427,0.0,2.8302,0.0,27.984,17.490000000000002,28.62,14.31,0.3657,0.20670000000000002,0.05247,0.318,214.65,337.08,0.0,0.0,0.0,0.0,0.0,0.0,0.0,0.0,0.01113,1.6059,0.47223,0.055650000000000005,6.28527,0.10971,0.0,5.7255899999999995,0.75366,0.0,0.0,0.0,0.0,0.0,128.5197
15,75214021,"Cauliflower, cooked, from fresh, fat added in cook",081302270.png,/home/lian/data/ASA24/Asa24PortionImages/081302270.png,1 floweret,60782,0,1.0,1 floweret,1.0,floweret,,,1 floweret,,1,,13.0,6.37,0.2522,0.6526,0.2509,0.26,0.3809,0.10776999999999999,0.12271999999999998,0.1066,0.26,1.43,1.56,0.0,0.65,0.0,0.0,0.13,0.00585,0.00754,0.06318,0.02392,0.0,6.37,6.37,6.37,5.837,0.0,0.0,5.369,0.0,0.0572,0.0,2.327,2.99,5.8500000000000005,1.95,0.0559,0.035100000000000006,0.00507,0.078,39.26,20.28,0.0,0.0,0.0,0.00247,0.0016899999999999999,0.0010400000000000001,0.00468,0.0027300000000000002,0.00858,0.062009999999999996,0.019629999999999998,0.00234,0.11726000000000002,0.0016899999999999999,0.0,0.09295,0.013519999999999999,0.0,0.00013000000000000002,0.0,0.0,0.0,11.5726
16,75409020,"Cauliflower, batter-dipped, fried",101609101.png,/home/lian/data/ASA24/Asa24PortionImages/101609101.png,2 cups,10205,0,2.0,"2 cups ,1-3/4 cups ,1-1/2 cups ,1-1/4 cups ,1 cup ,1 floweret ,3/4 cup ,1/2 cup ,1/4 cup",2.0,cups,,,1 cup,,1,,85.0,185.3,3.417,18.615,0.9180000000000001,1.36,10.931,1.57335,4.23725,4.2874,9.35,4.25,4.25,0.0,0.0,0.0,0.0,14.450000000000001,0.22525000000000003,0.12494999999999999,1.6473,0.0731,28.05,22.95,71.4,51.0,24.735,0.034,0.0,13.685000000000002,0.085,1.7085,0.0,16.575,28.05,47.6,11.9,1.4195,0.306,0.0527,4.675,135.15,277.1,0.0,0.0,0.0,0.0,0.0,0.0,0.0059499999999999996,0.0,0.0059499999999999996,1.1373,0.33745,0.04165,4.11655,0.07055,0.0,3.78335,0.49215,0.0,0.0,0.0,0.0,0.0,50.88100000000001
17,81104020,"Margarine-like spread, reduced calorie, about 40%",020309403.png,/home/lian/data/ASA24/Asa24PortionImages/020309403.png,2 tablespoons,21000,0,2.0,"2 tablespoons ,1-1/2 tablespoons ,1 pat ,1 tablespoon ,2 teaspoons ,1 teaspoon ,1/2 teaspoon",2.0,tablespoons,,,2 tablespoons,,2,,14.0,48.44,0.046200000000000005,0.17079999999999998,0.0,0.0,5.3074,1.2108599999999998,1.7024000000000001,2.0882400000000003,0.0,181.58,186.20000000000002,0.0,55.44,0.0,0.0,0.0,0.00084,0.0005600000000000001,0.00042,0.0,0.0,0.14,0.14,0.28,1.736,0.0084,0.0,0.0,0.518,1.8829999999999998,0.0,10.443999999999999,0.84,0.84,0.14,0.0042,0.0028000000000000004,0.00084,0.0,6.3,82.04,0.0,0.0,0.0,0.00084,0.00028000000000000003,0.00434,0.00756,0.06454000000000001,0.03472,0.8264199999999999,0.23576,0.00616,1.66894,0.02338,0.00182,1.78038,0.30491999999999997,0.0,0.0011200000000000001,0.0,0.0,0.0,8.2572
18,91501010,Gelatin dessert,032709116.png,/home/lian/data/ASA24/Asa24PortionImages/032709116.png,2 cups,10205,0,2.0,"2 cups ,1-3/4 cups ,1-1/2 cups ,1-1/4 cups ,1 cup ,3/4 cup ,1/2 cup ,1/4 cup",2.0,cups,,,1 cup,,1,,240.0,144.0,2.9280000000000004,34.056,32.376,0.0,0.0,0.0,0.0,0.0,0.0,0.0,0.0,0.0,0.0,0.0,0.0,0.0,0.0,0.0144,0.0024,0.0,0.0,2.4,2.4,2.4,1.2,0.0,0.0,0.0,0.0,0.0,0.0,0.0,7.2,52.800000000000004,2.4,0.048,0.024,0.0576,2.64,2.4,180.0,0.0,0.0,0.0,0.0,0.0,0.0,0.0,0.0,0.0,0.0,0.0,0.0,0.0,0.0,0.0,0.0,0.0,0.0,0.0,0.0,0.0,0.0,202.536
19,94100200,"Water, bottled, sweetened, with low or no calorie",121807129.png,/home/lian/data/ASA24/Asa24PortionImages/121807129.png,2 cups,30000,0,16.0,"2 cups ,1-1/2 cups ,1 cup ,3/4 cup ,1/2 cup ,1/4 cup ,2 tablespoons ,1 tablespoon",2.0,cups,,,1 cup,,1,,30.0,0.3,0.0,0.03900000000000001,0.0,0.0,0.0,0.0,0.0,0.0,0.0,0.0,0.0,0.0,0.0,0.0,0.0,0.0,0.0,0.0,0.0,0.0,0.0,0.0,0.0,0.0,0.0,0.0,0.0,0.0,0.0,0.0,0.0,0.0,0.3,0.0,0.0,0.0,0.0,0.0,0.0,1.2,4.2,0.0,0.0,0.0,0.0,0.0,0.0,0.0,0.0,0.0,0.0,0.0,0.0,0.0,0.0,0.0,0.0,0.0,0.0,0.0,0.0,0.0,0.0,29.955000000000002
