Ingredient,FoodCode,AreaPercent,Weight_g,Energy (kcal),Protein (g),Carbohydrate (g),"Sugars, total
(g)","Fiber, total dietary (g)",Total Fat (g),"Fatty acids, total saturated (g)","Fatty acids, total monounsaturated (g)","Fatty acids, total polyunsaturated (g)",Cholesterol (mg),Retinol (mcg),"Vitamin A, RAE (mcg_RAE)","Carotene, alpha (mcg)","Carotene, beta (mcg)","Cryptoxanthin, beta (mcg)",Lycopene (mcg),Lutein + zeaxanthin (mcg),Thiamin (mg),Riboflavin (mg),Niacin (mg),Vitamin B-6 (mg),Folic acid (mcg),"Folate, food (mcg)","Folate, DFE (mcg_DFE)","Folate, total (mcg)","Choline, total (mg)",Vitamin B-12 (mcg),"Vitamin B-12, added
(mcg)",Vitamin C (mg),Vitamin D (D2 + D3) (mcg),Vitamin E (alpha-tocopherol) (mg),"Vitamin E, added
(mg)",Vitamin K (phylloquinone) (mcg),Calcium (mg),Phosphorus (mg),Magnesium (mg),"Iron
(mg)","Zinc
(mg)",Copper (mg),Selenium (mcg),Potassium (mg),Sodium (mg),Caffeine (mg),Theobromine (mg),Alcohol (g),"4:0
(g)","6:0
(g)","8:0
(g)","10:0
(g)","12:0
(g)","14:0
(g)","16:0
(g)","18:0
(g)","16:1
(g)","18:1
(g)","20:1
(g)","22:1
(g)","18:2
(g)","18:3
(g)","18:4
(g)","20:4
(g)","20:5 n-3
(g)","22:5 n-3
(g)","22:6 n-3
(g)","Water
(g)"
roasted sweet potato,73403010,18.0,111.42857142857142,100.28571428571428,2.228571428571428,22.987714285714283,7.187142857142857,3.6771428571428566,0.16714285714285712,0.057942857142857136,0.0022285714285714283,0.10251428571428571,0.0,0.0,1066.3714285714284,47.91428571428571,12773.057142857142,0.0,0.0,0.0,0.11922857142857142,0.1181142857142857,1.6502571428571429,0.31757142857142856,0.0,6.685714285714284,6.685714285714284,6.685714285714284,14.485714285714284,0.0,0.0,21.728571428571428,0.0,0.791142857142857,0.0,2.5628571428571423,42.34285714285714,60.17142857142857,30.085714285714285,0.7688571428571427,0.35657142857142854,0.17828571428571427,0.22285714285714286,527.0571428571428,211.7142857142857,0.0,0.0,0.0,0.0,0.0,0.0,0.0,0.0,0.0,0.055714285714285716,0.0022285714285714283,0.0,0.0022285714285714283,0.0,0.0,0.10028571428571427,0.006685714285714285,0.0,0.0,0.0,0.0,0.0,84.10628571428572
roasted broccoli,72201223,14.0,86.66666666666667,58.06666666666667,2.244666666666667,5.477333333333333,1.222,2.08,2.9206666666666674,0.39260000000000006,1.0668666666666669,1.0703333333333336,0.0,0.0,6.933333333333334,0.0,77.13333333333334,0.0,0.0,618.8000000000001,0.060666666666666674,0.09446666666666667,0.5304,0.14993333333333334,0.0,48.53333333333334,48.53333333333334,48.53333333333334,16.38,0.0,0.0,67.86,0.0,0.5546666666666668,0.0,92.04,40.733333333333334,58.93333333333334,18.2,0.6066666666666667,0.364,0.051133333333333336,1.386666666666667,265.2,132.6,0.0,0.0,0.0,0.0,0.0,0.0,0.0,0.0,0.0026000000000000003,0.2842666666666667,0.08146666666666667,0.009533333333333335,1.0365333333333333,0.018200000000000004,0.0,0.9464000000000001,0.14126666666666668,0.0,0.0,0.0,0.0,0.0,75.04466666666667
roasted potato,71104070,20.0,123.80952380952381,162.19047619047618,2.9342857142857146,24.848571428571432,1.386666666666667,2.6,6.02952380952381,0.841904761904762,2.370952380952381,2.431619047619048,0.0,0.0,1.2380952380952381,0.0,7.428571428571429,0.0,0.0,34.666666666666664,0.07552380952380952,0.056952380952380956,1.6565714285714288,0.36523809523809525,0.0,33.42857142857143,33.42857142857143,33.42857142857143,17.45714285714286,0.0,0.0,11.266666666666667,0.0,0.9904761904761905,0.0,8.790476190476191,17.333333333333332,81.71428571428572,33.42857142857143,1.2752380952380953,0.420952380952381,0.1386666666666667,0.49523809523809526,628.952380952381,193.14285714285714,0.0,0.0,0.0,0.0,0.0,0.0,0.0012380952380952382,0.004952380952380953,0.0037142857142857147,0.6066666666666667,0.17704761904761904,0.021047619047619048,2.3040952380952384,0.04085714285714286,0.0,2.136952380952381,0.29095238095238096,0.0,0.0,0.0,0.0,0.0,87.97904761904762
chicken drumstick,24143220,13.0,80.47619047619048,119.10476190476192,19.080904761904765,0.0,0.0,0.0,4.748095238095239,1.277157142857143,1.8759000000000001,0.989857142857143,101.4,5.633333333333334,5.633333333333334,0.0,0.0,0.0,0.0,0.0,0.07001428571428572,0.14405238095238096,4.0318571428571435,0.29695714285714286,0.0,4.023809523809524,4.023809523809524,4.023809523809524,57.46000000000001,0.32995238095238094,0.0,0.0,0.08047619047619049,0.13680952380952383,0.0,0.16095238095238099,9.657142857142858,147.2714285714286,17.704761904761906,0.7484285714285716,2.028,0.049895238095238104,22.29190476190476,190.72857142857146,340.4142857142857,0.0,0.0,0.0,0.0008047619047619048,0.0008047619047619048,0.0016095238095238096,0.0,0.0024142857142857143,0.024142857142857143,0.9576666666666667,0.2760333333333334,0.2985666666666667,1.564457142857143,0.018509523809523813,0.0,0.854657142857143,0.044261904761904766,0.0,0.07001428571428572,0.003219047619047619,0.006438095238095238,0.004023809523809524,55.81023809523809
chicken breast,24122130,21.0,130.0,249.6,34.125,0.0,0.0,0.0,11.44,2.9731,4.2263,2.2321,126.10000000000001,23.400000000000002,23.400000000000002,0.0,1.3,0.0,0.0,0.0,0.0962,0.23399999999999999,11.3178,0.9087,0.0,7.8,7.8,7.8,83.85000000000001,0.22100000000000003,0.0,0.0,0.13,0.767,0.0,0.65,9.1,253.5,31.2,0.6890000000000001,1.157,0.0572,34.32,387.40000000000003,436.8,0.0,0.0,0.0,0.0,0.0,0.0,0.0234,0.013000000000000001,0.0806,2.223,0.5642,0.5772,3.4918,0.11570000000000001,0.0,1.9447999999999999,0.0806,0.0,0.08710000000000001,0.0091,0.010400000000000001,0.013000000000000001,82.10799999999999
roasted mushrooms,75219033,10.0,61.904761904761905,43.33333333333333,2.1666666666666665,3.0952380952380953,1.4857142857142855,0.7428571428571428,2.507142857142857,0.34419047619047627,0.9062857142857144,1.0245238095238096,0.0,0.0,0.0,0.0,0.0,0.0,0.0,0.0,0.035904761904761905,0.32252380952380955,2.7844761904761905,0.05509523809523809,0.0,22.285714285714285,22.285714285714285,22.285714285714285,12.938095238095237,0.030952380952380953,0.0,1.3619047619047622,0.0,0.3714285714285714,0.0,2.4761904761904763,3.7142857142857144,69.95238095238095,7.428571428571429,0.17333333333333337,0.3714285714285714,0.2723809523809524,14.238095238095239,277.95238095238096,91.61904761904762,0.0,0.0,0.0,0.0,0.0,0.0,0.0,0.0,0.0012380952380952382,0.2519523809523809,0.07304761904761904,0.008047619047619047,0.880904761904762,0.015476190476190477,0.0,0.9180476190476192,0.10523809523809526,0.0,0.0,0.0,0.0,0.0,53.287619047619046
green peas,75120000,4.0,24.761904761904763,20.057142857142857,1.342095238095238,3.578095238095238,1.4040000000000001,1.4114285714285715,0.09904761904761905,0.01758095238095238,0.008666666666666668,0.046304761904761904,0.0,0.0,9.40952380952381,5.2,111.18095238095239,0.0,0.0,613.352380952381,0.06586666666666667,0.03268571428571429,0.5175238095238095,0.04184761904761906,0.0,16.095238095238095,16.095238095238095,16.095238095238095,7.032380952380952,0.0,0.0,9.904761904761905,0.0,0.03219047619047619,0.0,6.140952380952382,6.190476190476191,26.742857142857144,8.171428571428573,0.364,0.30704761904761907,0.04358095238095238,0.4457142857142858,60.419047619047625,1.2380952380952381,0.0,0.0,0.0,0.0,0.0,0.0,0.0,0.0,0.0,0.015847619047619048,0.0017333333333333335,0.0,0.008666666666666668,0.0,0.0,0.03763809523809524,0.008666666666666668,0.0,0.0,0.0,0.0,0.0,19.527238095238097
TOTAL,,,619.047619047619,752.6380952380953,64.12219047619048,59.98695238095238,,10.51142857142857,27.911619047619048,,,,,,,,,,,,,,,,,,,,,,,,,,,,,,,,,,,,1407.5285714285715,,,,,,,,,,,,,,,,,,,,,,,
