Ingredient,FoodCode,Portion,Weight_g,Energy (kcal),Protein (g),Carbohydrate (g),"Sugars, total
(g)","Fiber, total dietary (g)",Total Fat (g),"Fatty acids, total saturated (g)","Fatty acids, total monounsaturated (g)","Fatty acids, total polyunsaturated (g)",Cholesterol (mg),Retinol (mcg),"Vitamin A, RAE (mcg_RAE)","Carotene, alpha (mcg)","Carotene, beta (mcg)","Cryptoxanthin, beta (mcg)",Lycopene (mcg),Lutein + zeaxanthin (mcg),Thiamin (mg),Riboflavin (mg),Niacin (mg),Vitamin B-6 (mg),Folic acid (mcg),"Folate, food (mcg)","Folate, DFE (mcg_DFE)","Folate, total (mcg)","Choline, total (mg)",Vitamin B-12 (mcg),"Vitamin B-12, added
(mcg)",Vitamin C (mg),Vitamin D (D2 + D3) (mcg),Vitamin E (alpha-tocopherol) (mg),"Vitamin E, added
(mg)",Vitamin K (phylloquinone) (mcg),Calcium (mg),Phosphorus (mg),Magnesium (mg),"Iron
(mg)","Zinc
(mg)",Copper (mg),Selenium (mcg),Potassium (mg),Sodium (mg),Caffeine (mg),Theobromine (mg),Alcohol (g),"4:0
(g)","6:0
(g)","8:0
(g)","10:0
(g)","12:0
(g)","14:0
(g)","16:0
(g)","18:0
(g)","16:1
(g)","18:1
(g)","20:1
(g)","22:1
(g)","18:2
(g)","18:3
(g)","18:4
(g)","20:4
(g)","20:5 n-3
(g)","22:5 n-3
(g)","22:6 n-3
(g)","Water
(g)"
roasted sweet potato,73403010,1 cup,250.0,225.0,5.0,51.575,16.125,8.25,0.375,0.13,0.005,0.23,0.0,0.0,2392.5,107.5,28657.5,0.0,0.0,0.0,0.2675,0.265,3.7025,0.7125,0.0,15.0,15.0,15.0,32.5,0.0,0.0,48.75,0.0,1.7750000000000001,0.0,5.75,95.0,135.0,67.5,1.725,0.8,0.4,0.5,1182.5,475.0,0.0,0.0,0.0,0.0,0.0,0.0,0.0,0.0,0.0,0.125,0.005,0.0,0.005,0.0,0.0,0.225,0.015,0.0,0.0,0.0,0.0,0.0,188.70000000000002
roasted broccoli,72201223,1 cup,160.0,107.2,4.144,10.112,2.256,3.84,5.392,0.7248,1.9696,1.9760000000000002,0.0,0.0,12.8,0.0,142.4,0.0,0.0,1142.4,0.11200000000000002,0.17440000000000003,0.9792000000000001,0.2768,0.0,89.60000000000001,89.60000000000001,89.60000000000001,30.240000000000002,0.0,0.0,125.28,0.0,1.024,0.0,169.92000000000002,75.2,108.8,33.6,1.12,0.672,0.0944,2.56,489.6,244.8,0.0,0.0,0.0,0.0,0.0,0.0,0.0,0.0,0.0048,0.5248,0.1504,0.017599999999999998,1.9136,0.033600000000000005,0.0,1.7472000000000003,0.26080000000000003,0.0,0.0,0.0,0.0,0.0,138.544
roasted potatoes,71508001,1 cup,130.0,120.9,3.2370000000000005,27.365000000000002,1.534,2.86,0.169,0.0442,0.0039000000000000003,0.0741,0.0,0.0,1.3,0.0,7.8,0.0,0.0,39.0,0.08320000000000001,0.062400000000000004,1.8252,0.40299999999999997,0.0,36.4,36.4,36.4,19.11,0.0,0.0,12.48,0.0,0.052000000000000005,0.0,2.6,19.5,91.0,36.4,1.4040000000000001,0.46799999999999997,0.1521,0.52,692.9,241.8,0.0,0.0,0.0,0.0,0.0,0.0,0.0013000000000000002,0.005200000000000001,0.0013000000000000002,0.0286,0.006500000000000001,0.0013000000000000002,0.0013000000000000002,0.0,0.0,0.0559,0.0169,0.0,0.0,0.0,0.0,0.0,96.915
roasted mushrooms,75219033,Quantity not specified,80.0,56.0,2.8000000000000003,4.0,1.92,0.96,3.24,0.44480000000000003,1.1712,1.324,0.0,0.0,0.0,0.0,0.0,0.0,0.0,0.0,0.046400000000000004,0.4168,3.5984000000000003,0.0712,0.0,28.8,28.8,28.8,16.72,0.04,0.0,1.76,0.0,0.48,0.0,3.2,4.8,90.4,9.6,0.22400000000000003,0.48,0.35200000000000004,18.400000000000002,359.2,118.4,0.0,0.0,0.0,0.0,0.0,0.0,0.0,0.0,0.0016,0.32559999999999995,0.0944,0.010400000000000001,1.1384,0.02,0.0,1.1864000000000001,0.136,0.0,0.0,0.0,0.0,0.0,68.864
roasted chicken,24122130,"1 breast quarter (yield after cooking, bone removed)",155.0,297.6,40.6875,0.0,0.0,0.0,13.64,3.5448500000000003,5.03905,2.66135,150.35,27.900000000000002,27.900000000000002,0.0,1.55,0.0,0.0,0.0,0.1147,0.27899999999999997,13.494299999999999,1.08345,0.0,9.3,9.3,9.3,99.97500000000001,0.2635,0.0,0.0,0.155,0.9144999999999999,0.0,0.775,10.85,302.25,37.2,0.8215000000000001,1.3795,0.0682,40.92,461.90000000000003,520.8,0.0,0.0,0.0,0.0,0.0,0.0,0.027899999999999998,0.015500000000000002,0.09609999999999999,2.6505,0.6727,0.6882,4.1633,0.13795,0.0,2.3188,0.09609999999999999,0.0,0.10385,0.01085,0.0124,0.015500000000000002,97.898
green peas,75120000,Quantity not specified,73.0,59.13,3.9566,10.548499999999999,4.1391,4.1610000000000005,0.29200000000000004,0.05183,0.025550000000000003,0.13651,0.0,0.0,27.740000000000002,15.33,327.77,0.0,0.0,1808.21,0.19418,0.09636000000000002,1.5257,0.12337000000000002,0.0,47.45,47.45,47.45,20.732,0.0,0.0,29.2,0.0,0.0949,0.0,18.104000000000003,18.25,78.84,24.09,1.0731,0.9052,0.12847999999999998,1.314,178.12,3.65,0.0,0.0,0.0,0.0,0.0,0.0,0.0,0.0,0.0,0.04672,0.00511,0.0,0.025550000000000003,0.0,0.0,0.11096,0.025550000000000003,0.0,0.0,0.0,0.0,0.0,57.5678
TOTAL,,,848.0,865.83,59.8251,103.60050000000001,,20.071,23.108,,,,,,,,,,,,,,,,,,,,,,,,,,,,,,,,,,,,1604.45,,,,,,,,,,,,,,,,,,,,,,,
